,MAE,RMSE,R2,Explained Variance,Mean Actual,Mean Predicted
Linear Regression,26729.4490197323,98766.29803607655,0.7421691703810889,0.7424485726758459,35985.7147401688,39237.0094481439
Random Forest,5521.296726305429,68183.35177019742,0.8771220414633798,0.8773667981432077,35985.7147401688,39028.76152529453
